customer_tweet_id,customer_text,brand_response,suggested_intent,suggested_confidence,suggested_auto_or_escalate,suggested_escalation_reason,intent,auto_or_escalate,escalation_reason,human_notes
2505056,"@AppleSupport If I've played any video at all, or received audio from a different source, the media buttons don't re-connect to iTunes/Spotify. They try and control whatever was playing last, even if the tab was closed. (YouTube, Facebook, Twitter, etc.)",@714349  Please DM us so that we can look into this together. https://t.co/GDrqU22YpT,app_service,0.512,ESCALATE,Low intent confidence,app_service,AUTO-HANDLE,Routine troubleshooting,
2358653,"@AppleSupport Ah, sorry! I thought this was the German account. My calculator doesn’t work properly. I have to type really slow, otherwise wrong results are calculated. Will this be regarded with the next update?",@681220 No problem at all! Let's move to DM for a closer look. What is your current exact iOS version? https://t.co/GDrqU22YpT,ios_update,0.403,ESCALATE,Low intent confidence,account_access,ESCALATE,Billing or account issue requires human review,
2852306,@AppleSupport help! My iPhone won’t turn on 😭,@793021 We're here for you. We'd like to start off with which model iPhone you're using and anything else you can tell us about what happened before you discovered it would not power on. Thanks!,app_service,0.475,ESCALATE,Low intent confidence,app_service,AUTO-HANDLE,Routine troubleshooting,
1589894,Dear @115858. Text replacements synced in iCloud please. Setting these up every time I get a new device is a pain in the ass.,@488854 We always welcome feedback from our customers. Feel free to submit your suggestion to us here: https://t.co/eTPVYVFyd8,account_access,0.773,ESCALATE,Account-access issue requires human review,account_access,ESCALATE,Billing or account issue requires human review,
257786,"@AppleSupport Can’t purchase/download apps, says I’m unsubscribed from Apple Music, multiple devices/networks on High Sierra/iOS 11",@34743 We want to help. Are you getting an error message when attempting to download apps?,billing_subscription,0.664,ESCALATE,Billing or subscription issue requires human review,billing_subscription,ESCALATE,Billing or account issue requires human review,
1592807,"@AppleSupport @118936 #ayuda!  Mi papá quiere recuperar ID Apple y no podemos!!
Creo que registró otro correo que él ya olvidó 🙏🏽",@489560 We offer support via Twitter in English. Get help in Spanish here: https://t.co/IBIY3vMgPj or join https://t.co/OczyRx7IOs,app_service,0.496,ESCALATE,Low intent confidence,app_service,AUTO-HANDLE,Routine troubleshooting,
2021904,@AppleSupport what is this? https://t.co/0yo1STFf6j,@597973 Thanks for reaching out. We have a workaround for this here: https://t.co/xXaXeeSRt9 DM us if you still need help. https://t.co/GDrqU22YpT,app_service,0.939,AUTO-HANDLE,Routine troubleshooting with sufficient evidence,app_service,AUTO-HANDLE,Routine troubleshooting,
2143942,LOOK @115858 YALL ARE ABOUT TO PISS ME OFF WITH MY I️’s GLITCHING. FIX IT.,@630344 Here’s what you can do to work around the issue until it’s fixed in a future software update: https://t.co/xXaXeeSRt9,device_performance,0.588,ESCALATE,Low intent confidence,device_performance,AUTO-HANDLE,Routine troubleshooting,
2502044,@AppleSupport my texts are delivering? What gives? #iPhoneXisOutandMyPhonestoppedworking #ImOntoYouApple,@713679 We know how important your messages are and want to make sure you can send without issue. Are only iMessages (blue) or SMS (green) affected?,app_service,0.634,AUTO-HANDLE,Routine troubleshooting with sufficient evidence,app_service,AUTO-HANDLE,Routine troubleshooting,
2149907,@115858 fix your crap because you just cost me my essay grade with your stupid I️ glitch 🙄,@631850 Here’s what you can do to work around the issue until it’s fixed in a future software update: https://t.co/xXaXeeSRt9,device_performance,0.739,AUTO-HANDLE,Routine troubleshooting with sufficient evidence,device_performance,AUTO-HANDLE,Routine troubleshooting,
1682482,@AppleSupport iphone se just download the new iOS thinking it would fix battery issues. Phone is slow and battery drains so quickly. ??,@511465 Thanks for reaching out. DM the specific iOS version you are using at this time to get started. https://t.co/GDrqU22YpT,ios_update,0.459,ESCALATE,Low intent confidence,ios_update,AUTO-HANDLE,Routine troubleshooting,
696512,"@AppleSupport I just can,t it says i can,t",@286184 Let's look into that further. Send us a DM and we'll go from there. https://t.co/GDrqU22YpT,app_service,0.619,AUTO-HANDLE,Routine troubleshooting with sufficient evidence,app_service,AUTO-HANDLE,Routine troubleshooting,
2019796,@AppleSupport I changed my Apple ID today and now none of my messages are syncing across devices. Can anyone help?,@597287 We'd love to help. Can you tell us which devices and software versions you're using? Click here to hop in DM with us: https://t.co/GDrqU22YpT,account_access,0.909,ESCALATE,Account-access issue requires human review,account_access,ESCALATE,Billing or account issue requires human review,
1589376,@AppleSupport I️ shouldn’t have to do all that to be able to type an I️. Where’s your manager.,@488731 Reach out to us via DM and we can go over some options. https://t.co/GDrqU22YpT,app_service,0.453,ESCALATE,Low intent confidence,app_service,AUTO-HANDLE,Routine troubleshooting,
123730,I have a loving/hate relationship with my iphone 7. It’s not even 1 year old and the fucking battery sucks. I love iphones but i hate their battery jfc do something @115858,@143666 Thanks for reaching out to us for support. We would love to help you. Please DM us so that we can look into this together. https://t.co/GDrqU22YpT,device_hardware,0.776,AUTO-HANDLE,Routine troubleshooting with sufficient evidence,device_hardware,AUTO-HANDLE,Routine troubleshooting,
1769946,@AppleSupport Using an iPhone 6 Plus. Original mint condition. And iOS 11.1 randomly causes my touchscreen to stop responding. #Frustrated,@532112 That's not what we'd expect at all. We'll do all we can to assist. When did this start happening exactly?,ios_update,0.57,ESCALATE,Low intent confidence,ios_update,AUTO-HANDLE,Routine troubleshooting,
289976,"My battery went from 74% to 41% from doing nothing! In a matter of 12 minutes...
I hate this new update @AppleSupport",@185075 We can help. Try these steps and if you still have issues let us know what device you're using in a DM: https://t.co/bivpdfBNJ6 https://t.co/GDrqU22YpT,ios_update,0.653,AUTO-HANDLE,Routine troubleshooting with sufficient evidence,ios_update,AUTO-HANDLE,Routine troubleshooting,
2263499,"@AppleSupport hi, I have a question are you guys able to help me?",@658943 We will do our best. How can we be of assistance?,app_service,0.541,ESCALATE,Low intent confidence,app_service,AUTO-HANDLE,Routine troubleshooting,
1535739,New update on iPhone 📱 is blocking me from group chats ?????? @115858 guess this will help boost #X sales,"@476188 Let's work on this together. Do you get an error message when trying to reply to a group message? If not, what seems to happen?",ios_update,0.662,AUTO-HANDLE,Routine troubleshooting with sufficient evidence,ios_update,AUTO-HANDLE,Routine troubleshooting,
2300926,So @115858 can come up with smart phones but can’t fix a simple freakin letter 🤦🏻‍♀️🤦🏻‍♀️🙄🙄🙄😒 l would like to stop seeing I️ already .,@595779 We want to help. You can update to the newest version iOS 11.1.1.  You want to make sure to back up your iPhone before updating. This article explains how: https://t.co/4f8hwT5to6,other,0.589,ESCALATE,Low intent confidence,other,AUTO-HANDLE,Routine troubleshooting,
1834677,@AppleSupport LET US REVERT BACK TO PREVIOUS IOS. HARD REBOOTS ETC NOT WORKING. Phone keeps freezing. FIX IT!!!!,@550270 We’re here to address the issues you're experiencing. Let's team up in Direct Message using the link below to continue. https://t.co/GDrqU22YpT,ios_update,0.38,ESCALATE,Low intent confidence,ios_update,AUTO-HANDLE,Routine troubleshooting,
2067575,@115858 can you pls fix my gps.  The voice might be cool and all but if it's gonna shut my phone down then idrc how realistic it is. 🤷‍♀️,@611411 You've come to the right place. Is this happening while you're using a specific app? Let us know in DM. https://t.co/GDrqU22YpT,other,0.555,ESCALATE,Low intent confidence,other,AUTO-HANDLE,Routine troubleshooting,
2356479,Fuckin @115858 glitch. 🤬😡🤯,@680762 We’d like to take this opportunity to see how we can help. Please use the DM link below to share a few details about your issue. https://t.co/GDrqU22YpT,device_performance,0.969,AUTO-HANDLE,Routine troubleshooting with sufficient evidence,device_performance,AUTO-HANDLE,Routine troubleshooting,
2970200,@AppleSupport I get solutions can you offer me to fix this keyboard lag I have?,@819277 Thanks for reaching out to us for support. We would love to help you. Please DM us so that we can look into this together. https://t.co/GDrqU22YpT,device_hardware,0.722,AUTO-HANDLE,Routine troubleshooting with sufficient evidence,device_performance,AUTO-HANDLE,Routine troubleshooting,
2477606,Am I the only one who has to try the “Alt”-boot option several times until I get the boot-option screen on my iMac? @115858? Fixable?,@273863 We'd like to check into what's happening here a bit more. What kind of keyboard are you using with your iMac? Is it wired or wireless?,device_hardware,0.643,AUTO-HANDLE,Routine troubleshooting with sufficient evidence,device_hardware,AUTO-HANDLE,Routine troubleshooting,
36016,@115858 @AppleSupport that's what I get for buying #AppleWatchSeries3. And your support here tells me there is no problem with the watch! https://t.co/z5eW7C4pKv,@123827 We'd like to take a closer look at this with you. Reach out via DM with the details. https://t.co/GDrqU22YpT,app_service,0.534,ESCALATE,Low intent confidence,app_service,AUTO-HANDLE,Routine troubleshooting,
2619888,"What sort of fuckery have you done with this new IOS @AppleSupport , my Bluetooth and Wi-fi keep switching it self on",@740319 Bluetooth and Wi-Fi controls in Control Center work differently in iOS 11. You can read more on that here: https://t.co/G7BHuQnDS6 Let us know in DM if you have other questions. https://t.co/GDrqU22YpT,connectivity,0.901,AUTO-HANDLE,Routine troubleshooting with sufficient evidence,connectivity,AUTO-HANDLE,Routine troubleshooting,
2939036,@AppleSupport over the air :(,@331181 Let's try the suggestions here to see if they help: https://t.co/Ui1yTnOCUz Let us know the results.,app_service,0.653,AUTO-HANDLE,Routine troubleshooting with sufficient evidence,app_service,AUTO-HANDLE,Routine troubleshooting,
1915874,@AppleSupport why does my phone keep changing it to i . t i have never typed that in my life stop it,"@570671 We want to help you. Which version of iOS is installed in Settings &gt; General &gt; About? Let us know in DM to continue, please. https://t.co/GDrqU22YpT",app_service,0.465,ESCALATE,Low intent confidence,device_performance,AUTO-HANDLE,Routine troubleshooting,
1895454,"@AppleSupport IOS 11.0.03 has wrecked my iPhone 8. Haptic home button intermittent, restarts randomly, bottom speaker crackles! Flagship????",@564967 We’re glad you reached out! Let us help with your iPhone. Let us know exactly when you updated to iOS 11.0.3 in DM to proceed. https://t.co/GDrqU22YpT,ios_update,0.621,AUTO-HANDLE,Routine troubleshooting with sufficient evidence,ios_update,AUTO-HANDLE,Routine troubleshooting,
2138902,"@AppleSupport No, I’ve tried it. 😭 sometimes the album art goes missing. And seriously I’m paying for subs, I wish u guys will fix it ASAP.",@629068 We'll be happy to work on this further in DM. Send us your iPhone model and iOS version to continue. https://t.co/GDrqU22YpT,app_service,0.504,ESCALATE,Low intent confidence,app_service,AUTO-HANDLE,Routine troubleshooting,
1212795,"Hey @AppleSupport what's the #HighSierra deal ya'll, Finder Preview shimozzle... #osx https://t.co/mDiSrDD2mc",@404648 Is that happening with all pictures? Let us know in Direct Message and we'll take a look. https://t.co/GDrqU22YpT,app_service,0.722,AUTO-HANDLE,Routine troubleshooting with sufficient evidence,app_service,AUTO-HANDLE,Routine troubleshooting,
1721773,Hey @115858  updated my phone now battery’s absolutely gash!! Wft sort it aht having to charge the fucker at work! It’s an iPhone 7 👊🏻,"@521017 Hey, we can work together on the battery life. DM us the exact iOS version and we'll take a look. https://t.co/GDrqU22YpT",ios_update,0.588,ESCALATE,Low intent confidence,billing_subscription,ESCALATE,Billing or account issue requires human review,
2279800,@115858 you forgot to fix the I.T glitch. Fix I.T. Please. I need I.T to sound smarter.,@662788 Let's look into this together. Send us a DM including the exact iOS version installed. You can locate this under Settings &gt, General &gt, About. https://t.co/GDrqU22YpT,device_performance,0.854,device_performance,AUTO-HANDLE,Routine troubleshooting,
2229462,"@115858 iPhone 
What is up with this “New” update? 
Freezing screen, inoperable apps, delays in 
t y p i n g 
o u t 
M e s s a g e s . 
Technology,great when it works",@650620 Thanks for connecting with us. We'd like to assist you with these issues. Join us in DM here. We'll pick up there. https://t.co/GDrqU22YpT,ios_update,0.537,ESCALATE,Low intent confidence,ios_update,AUTO-HANDLE,Routine troubleshooting,
1000003,@AppleSupport  https://t.co/OnHabGwPo7,@497667 We'd like to help. Does locking your screen and unlocking it help any?,app_service,0.974,AUTO-HANDLE,Routine troubleshooting with sufficient evidence,app_service,AUTO-HANDLE,Routine troubleshooting,
495185,@AppleSupport I sent it,"@233086 Great! We've received your DM, and will continue working there.",app_service,0.798,AUTO-HANDLE,Routine troubleshooting with sufficient evidence,app_service,AUTO-HANDLE,Routine troubleshooting,
90309,@135589 @AppleSupport @115858 Works with Keychain Access... OMG,"@805163 We'd like to work with you to figure out what's happening. DM us with what type of Mac you're using, along with your current macOS version. https://t.co/GDrqU22YpT",app_service,0.455,ESCALATE,Low intent confidence,app_service,AUTO-HANDLE,Routine troubleshooting,
2622700,@AppleSupport the media player is broken on 11.2 beta 3. Requires restart to get it to function properly,"@740952 Hello. Thanks for participating in our Beta program. We welcome your feedback using the Feedback Assistant, as explained here: https://t.co/2qRlboI6mM Please shoot us a DM if you need additional help. https://t.co/GDrqU22YpT",device_hardware,0.534,ESCALATE,Low intent confidence,device_hardware,AUTO-HANDLE,Routine troubleshooting,
1747999,"Can @115858 please fix this “I️ “ thing, i am about to blow my brains out 🙄",@526932 Here’s what you can do to work around the issue until it’s fixed in a future software update: https://t.co/xXaXeeSRt9,other,0.85,AUTO-HANDLE,Routine troubleshooting with sufficient evidence,other,AUTO-HANDLE,Routine troubleshooting,
2422519,"@AppleSupport Thanks, that worked. Oddly enough the purchase history button is now showing up in settings on my iPhone after logging into that site. 🤷🏻‍♂️",@695785 That's great news! Reach out to us here if you ever need assistance.,billing_subscription,0.724,ESCALATE,Billing or subscription issue requires human review,billing_subscription,ESCALATE,Billing or account issue requires human review,
1936065,"@AppleSupport Hello, I just called in for iTunes product support and your agent hung up on me. Can you DM me to sort this out, please? Thx.",@576008 We're sorry to hear you were disconnected from us. Let's resume helping out. Send us a DM to continue to discuss iTunes together. https://t.co/GDrqU22YpT,app_service,0.611,AUTO-HANDLE,Routine troubleshooting with sufficient evidence,app_service,AUTO-HANDLE,Routine troubleshooting,
2476099,"Yo, why tf is “it” still autocorrecting to “I.T” after the update??? Fix yo shit!!!! @116333 @AppleSupport @115858",@468237 Thanks for reaching out. We want to help. Which version of iOS are you using? You can check in Settings &gt, General &gt, About. We'll go from there.,ios_update,0.622,ios_update,AUTO-HANDLE,Routine troubleshooting,
154463,@AppleSupport just upgraded to latest iPhone software / phone locks up several times per day - sometimes requires reboot - not good,"@151399 We'd like to help get your iPhone running smoothly. Does your iPhone appear to become unresponsive when using a certain app or doing a certain function (like swiping to another screen, so on)?",ios_update,0.4,ESCALATE,Low intent confidence,ios_update,AUTO-HANDLE,Routine troubleshooting,
2280256,When are y’all gonna fix this dumb ass “I️” shit??? I’m getting sick and tired @AppleSupport,"@396700 iOS 11.1.1 was recently released and it includes a fix for autocorrect issues. Be sure to back up your device prior to updating, and let us know if the issue persists afterwards. How to back up: https://t.co/4f8hwT5to6 https://t.co/GDrqU22YpT",app_service,0.437,ESCALATE,Low intent confidence,app_service,AUTO-HANDLE,Routine troubleshooting,
2942118,@AppleSupport hey guys my apple music just had a stroke and all my music is gone even though i pay for it still i'm very mad and confused and angry please HELP,"@812859 Your music is important to you, and we'll do all we can to help. To get started, may we know what device and OS you're using Apple Music with?",app_service,0.574,ESCALATE,Low intent confidence,app_service,AUTO-HANDLE,Routine troubleshooting,
2080743,Bloody iCloud how is this supposed to be easy #help @AppleSupport,@615313 We'd like to help. DM us details on the issues you're having with iCloud and we'll work with you towards a resolution there. https://t.co/GDrqU22YpT,account_access,0.897,ESCALATE,Account-access issue requires human review,account_access,ESCALATE,Billing or account issue requires human review,
1675390,"@509717 @AppleSupport ME TOO I️ WANT TO THROW MY PHONE ACROSS THE ROOM. Try to turn your auto correct off, that’s seemed to help me!!",@509716 We want to help your keyboard respond correctly.  Please check out this article: https://t.co/xXaXeeSRt9,app_service,0.4,ESCALATE,Low intent confidence,app_service,AUTO-HANDLE,Routine troubleshooting,
1706173,@AppleSupport i️t didn’t work 😐,"@517102 We want to do everything we can to help you out. Send us a DM, and we'll go from there. https://t.co/GDrqU22YpT",app_service,0.782,AUTO-HANDLE,Routine troubleshooting with sufficient evidence,app_service,AUTO-HANDLE,Routine troubleshooting,
1583770,"@AppleSupport worst apple service centre at iVenus, ghod dod road,Surat never will go there for any kind of service..non sense people",@487398 That's not what we like to hear. Send us a DM by clicking on the link below. We'll continue there. https://t.co/GDrqU22YpT,app_service,0.381,ESCALATE,Low intent confidence,app_service,AUTO-HANDLE,Routine troubleshooting,
1892859,@AppleSupport this is annoying my phone keeps asking for my password over and over when trying to download apps I’m running off 11.0.3 on 📱8,"@564390 We're glad you reached out to us. We understand how important it is to download apps, and want to help. DM us to get started. https://t.co/GDrqU22YpT",account_access,0.739,ESCALATE,Account-access issue requires human review,account_access,ESCALATE,Billing or account issue requires human review,
299034,"@115858 @AppleSupport su nueva actualización de IOS se chupa la pila en 3 horas, es imposible!!!!!",@187273 We offer support via Twitter in English. Get help in Spanish here: https://t.co/IBIY3w3RGR or join https://t.co/OczyRxpjG0,ios_update,0.484,ESCALATE,Low intent confidence,ios_update,AUTO-HANDLE,Routine troubleshooting,
1484368,@464709 @115858 @AppleSupport é problema no ios mesmo.,"@464708 Since our Twitter support is available in English, get help at https://t.co/IBIY3vMgPj or join https://t.co/pvaOFfPbjt",ios_update,0.496,ESCALATE,Low intent confidence,ios_update,AUTO-HANDLE,Routine troubleshooting,
2900377,@AppleSupport There arent many options on the site provided. You say you dont have enough info to reset my questions....now I am locked out of managing my account,@268858 We recommend contacting our Account Security team using this link:https://t.co/UJm15vmMM2 You can also use this article to find a number to call: https://t.co/mq28K5VwJP,app_service,0.323,ESCALATE,Low intent confidence,account_access,ESCALATE,Billing or account issue requires human review,
2779343,@AppleSupport I'm having a nightmare resetting my iPad because the email account I created it with doesn't exist anymore,@776316 We can certainly take a look at this with you. Have you already erased your iPad? Or is that the step you're on right now? DM us and let us know. https://t.co/GDrqU22YpT,app_service,0.414,ESCALATE,Low intent confidence,account_access,ESCALATE,Billing or account issue requires human review,
1704710,@AppleSupport Thanks,"@516715 You're welcome, it's our pleasure. We look forward to hearing from you if any questions come up.",app_service,0.958,AUTO-HANDLE,Routine troubleshooting with sufficient evidence,app_service,AUTO-HANDLE,Routine troubleshooting,
2143922,I️ never realized how much the letter “I️” is used until this @115858 glitch.,@630338 Here’s what you can do to work around the issue until it’s fixed in a future software update: https://t.co/xXaXeeSRt9,device_performance,0.698,AUTO-HANDLE,Routine troubleshooting with sufficient evidence,device_performance,AUTO-HANDLE,Routine troubleshooting,
332083,@AppleSupport low power mode is NOT on. Home button doesn’t wake / turn on phone. Tons of users complaining about this! https://t.co/O0DUDIssmh,@180656 We'd like to look into this further with you. DM us using the link below. We'll work from there. https://t.co/GDrqU22YpT,app_service,0.449,ESCALATE,Low intent confidence,app_service,AUTO-HANDLE,Routine troubleshooting,
2310623,Hey @AppleSupport how do I take advantage of the warrantee on the iPhone charger?,"@670137 We'd love to help! Please send us a DM, and we'll look into your options together. https://t.co/GDrqU22YpT",device_hardware,0.819,AUTO-HANDLE,Routine troubleshooting with sufficient evidence,billing_subscription,ESCALATE,Billing or account issue requires human review,
1752034,@AppleSupport No just his truck. 🙃,@527843 Thanks for confirming. Take a look at this article to resolve this issue and let us know if it helps: https://t.co/rZfGUpIk6d,app_service,0.674,AUTO-HANDLE,Routine troubleshooting with sufficient evidence,app_service,AUTO-HANDLE,Routine troubleshooting,
1709992,@AppleSupport  MacBook Air 1.7 GHz i7 running El Capitan.  Firmware update has been in App Store update for long time.  I reset the SMC,@502594 Let's use this link to discuss what you're trying to accomplish further: https://t.co/GDrqU22YpT,ios_update,0.664,AUTO-HANDLE,Routine troubleshooting with sufficient evidence,ios_update,AUTO-HANDLE,Routine troubleshooting,
2041674,@AppleSupport Nevermind. It fixed by itself anyways.,"@603689 If you need anything else, come back and let us know! We're here every day from 5am-8pm Pacific time.",app_service,0.658,AUTO-HANDLE,Routine troubleshooting with sufficient evidence,app_service,AUTO-HANDLE,Routine troubleshooting,
1799716,help I got the new iPhone 8+ but now my photos app won’t work pls fix it @ATT @115858 @160959,@540759 Let's get you to the best place for help with Photos. Please reach out to our phone team here:  https://t.co/IBIY3vMgPj https://t.co/GDrqU22YpT,other,0.343,ESCALATE,Low intent confidence,app_service,AUTO-HANDLE,Routine troubleshooting,
1851594,@AppleSupport Issue resolved via YouTube. Chat window never loaded. Tried to cancel my Genius Bar appointment and got “…unable to complete your request”.,@554205 We're glad to hear the issue is resolved. Please DM us and we can help cancel the Genius Bar reservation for you. https://t.co/GDrqU2kzhr,app_service,0.463,ESCALATE,Low intent confidence,app_service,AUTO-HANDLE,Routine troubleshooting,
2784571,@115858 we’re having some issues with the capital i ... if you could fix it that would be amazing. Considering you guys are charging $1000+ for a phone.,@777496 We'd be happy to help. Send us a DM with the iOS version you are using and we can start there. https://t.co/GDrqU22YpT,device_hardware,0.516,ESCALATE,Low intent confidence,device_hardware,AUTO-HANDLE,Routine troubleshooting,
2552502,"Brother bought an iphone X and used it for a week now its not working its just not getting started @115858 can u plz help???? can I expect a replacement.

Please RT",@725024 That's not what we'd expect and we're happy to help you get to the bottom of this issue. Please start by taking a look at this article: https://t.co/8MvHMFZ83h Let us know if you're still having issues.,other,0.428,ESCALATE,Low intent confidence,other,AUTO-HANDLE,Routine troubleshooting,
1117144,Thank you @115858 for wrecking my #iPhone6 with update #iOS11 #nastybusiness,@383597 Please let us know what's going on after the update. We'd love to help with your iPhone.,ios_update,0.949,AUTO-HANDLE,Routine troubleshooting with sufficient evidence,ios_update,AUTO-HANDLE,Routine troubleshooting,
1467820,Why is the letter “I” coming up as a question mark &amp, exclamation? Fix that shit @115858,"@460704 We'd like to help. When you have a moment, please send us a DM so we can go over some information. https://t.co/GDrqU22YpT",other,0.83,AUTO-HANDLE,other,AUTO-HANDLE,Routine troubleshooting,
1119370,@AppleSupport No.,@384111 Let's go ahead and continue in DM. https://t.co/GDrqU22YpT,app_service,0.926,AUTO-HANDLE,Routine troubleshooting with sufficient evidence,app_service,AUTO-HANDLE,Routine troubleshooting,
2004944,@AppleSupport where’s my playlist,@592889 We're happy to help. What device are you using? When was the last time you had access to your playlist? Let us know in DM: https://t.co/GDrqU22YpT,app_service,0.691,AUTO-HANDLE,Routine troubleshooting with sufficient evidence,app_service,AUTO-HANDLE,Routine troubleshooting,
942767,"Uhh @115858 pls explain why my iOS updated automically &amp; now nothing works.. photos will not delete from camera roll, network will not allow me to make/ receive calls, battery is 💩 #wtf",@343496 We want to help. Meet us in DM and we'll work towards a solution together. https://t.co/GDrqU22YpT,ios_update,0.417,ESCALATE,Low intent confidence,connectivity,AUTO-HANDLE,Routine troubleshooting,
2276298,"@AppleSupport I won't get a response even when i ask ""this id looks like real, is it an official apple id or not?"". Wow. What a customer service. My iphone is my last apple product then.",@662059 The email reaches the appropriate department that handles issues such as this. We would be happy to look further into the email that you received. Send us a DM by clicking on the link below. We'll continue there. https://t.co/GDrqU22YpT,account_access,0.822,ESCALATE,Account-access issue requires human review,account_access,ESCALATE,Billing or account issue requires human review,
324566,@115858 I did the iOS11 update (have iPhone 7) and now my battery life is worse then the iPhone 5.  What happened?  @AppleSupport,@193319 We want to look into your battery issue with you. DM us using the link below. https://t.co/GDrqU22YpT,ios_update,0.915,AUTO-HANDLE,Routine troubleshooting with sufficient evidence,ios_update,AUTO-HANDLE,Routine troubleshooting,
2341853,"@AppleSupport the iPhone X battery dies so fast, I had 100% and it’s nearly run out 1 hour later. L.","@677394 We're very happy to look into your battery with you. Please let us know which version of iOS 11 is installed on your new iPhone X. If the version is not iOS 11.1.1, please follow these instructions to update it: https://t.co/oKZOdSPLR1",device_hardware,0.792,AUTO-HANDLE,Routine troubleshooting with sufficient evidence,device_hardware,AUTO-HANDLE,Routine troubleshooting,
215806,@AppleSupport So every time I go for a walk my cellular data stays off and I keep manually have to turn it on since the update I’ve never had to do this,@167320 DM us and we can work from there. https://t.co/GDrqU22YpT,ios_update,0.5,ESCALATE,Low intent confidence,connectivity,AUTO-HANDLE,Routine troubleshooting,
2185392,@AppleSupport It doesn't connect only when it turns on automatically.,"@154498 When it automatically turns on, does it automatically connect to any Wi-Fi network?",app_service,0.534,ESCALATE,Low intent confidence,app_service,AUTO-HANDLE,Routine troubleshooting,
1516144,"My phone jumped from 20% to dead in 2 mins..it NEVER did that before iOS 11, but @AppleSupport couldn’t find an issue with my battery. Okay.",@471766 Let's help take a closer look. Please DM us the country you're in and we can go from there. https://t.co/GDrqU22YpT,ios_update,0.652,AUTO-HANDLE,Routine troubleshooting with sufficient evidence,ios_update,AUTO-HANDLE,Routine troubleshooting,
930867,"@AppleSupport ever since I updated my iPhone to the highest iOS 11 update, its been freezing many times a day and I have to manually restart",@340811 We're happy to look into this with you. Please DM us the exact iOS 11 version installed &amp, we'll find a solution. https://t.co/GDrqU22YpT,ios_update,0.975,AUTO-HANDLE,ios_update,AUTO-HANDLE,Routine troubleshooting,
740616,Hey @AppleSupport can you message me I have a question about updating my IOS,@297128 We'd be happy to answer! Send us a DM using this link: https://t.co/GDrqU22YpT,ios_update,0.414,ESCALATE,Low intent confidence,ios_update,AUTO-HANDLE,Routine troubleshooting,
1168451,@AppleSupport Battery was on 59% phone hot plugged in 2 mins later battery on 78%??????,@394841 Thanks for reaching out to us. Please send us a DM and we can chat with you there. https://t.co/GDrqU22YpT,device_hardware,0.838,AUTO-HANDLE,Routine troubleshooting with sufficient evidence,device_hardware,AUTO-HANDLE,Routine troubleshooting,
1040162,@AppleSupport when are you going to sort the bloody update? Phone is freezing constantly battery dying and speakers/ volume not working....,"@366088 We'd like to learn more. Which iPhone, and iOS version, are you using?",device_hardware,0.463,ESCALATE,Low intent confidence,ios_update,AUTO-HANDLE,Routine troubleshooting,
1484383,@AppleSupport hi! I keep getting this error!? But I’m not trying to purchase anything?What does it mean? https://t.co/wqQE4ynu13,@464713 Help is on the way. Send us a DM to get started. https://t.co/GDrqU22YpT,billing_subscription,0.777,ESCALATE,Billing or subscription issue requires human review,billing_subscription,ESCALATE,Billing or account issue requires human review,
553661,Dear @AppleSupport your iOS update 11.2 broke my visual voicemail. https://t.co/JTJt5dGYKf,"@249146 Thanks for reaching out. Since the update have you completed a normal restart of your iPhone? If not, do so now and let us know the results. We want to ensure your visual voicemail is working again.",ios_update,0.941,AUTO-HANDLE,Routine troubleshooting with sufficient evidence,ios_update,AUTO-HANDLE,Routine troubleshooting,
2562296,@115858 need to hurry up and bring out an update that will stop my phone from feeezing every two minutes. It’s really starting to piss me off now. The phone has its own mind mothers.,@727151 We want to help. What model iPhone do you have and what iOS is it on? Does it become completely unresponsive or just very slow? Does it happen with any app or just certain ones? Let us know and we'll continue to work with you on this.,ios_update,0.434,ESCALATE,Low intent confidence,ios_update,AUTO-HANDLE,Routine troubleshooting,
1982054,@AppleSupport my iPhone is acting really retarded after you guys launched iPhone x now I can make certain calls and my whole system is slow,@586696 We're happy to look into these issue with you. Please DM us the iOS version currently installed to get started. https://t.co/GDrqU22YpT,device_performance,0.296,ESCALATE,Low intent confidence,device_performance,AUTO-HANDLE,Routine troubleshooting,
1339792,When you accidentally order the #iPhoneX via straight payment instead of the Upgrade Plan 😩 Need to cancel my order @115858 😵,@295219 We can help.  Reach out to here for assistance: https://t.co/8yjRd1Xo0i,other,0.26,ESCALATE,Low intent confidence,billing_subscription,ESCALATE,Billing or account issue requires human review,
1655575,@AppleSupport why the frick does my keyboard keep fricking up and making weird question marks &amp,&amp, stuff when I️ post ??? ?? ??,@505241 Here’s what you can do to work around the issue until it’s fixed in a future software update: https://t.co/xXaXeeSRt9,device_hardware,0.651,device_hardware,AUTO-HANDLE,Routine troubleshooting,
1891056,@AppleSupport my iPhone 7s is less than a year old yet I have to hard restart it almost twice a day...why?,@563924 We'd love to help! Which version of iOS are you using at the moment? Please send us a DM with your answer. https://t.co/GDrqU22YpT,app_service,0.342,ESCALATE,Low intent confidence,app_service,AUTO-HANDLE,Routine troubleshooting,
2138789,@33582 @12 @115858 fix this bug before you ruin my klout score I️ demand it,@629044 Here’s what you can do to work around the issue until it’s fixed in a future software update: https://t.co/xXaXeeSRt9,other,0.768,AUTO-HANDLE,Routine troubleshooting with sufficient evidence,other,AUTO-HANDLE,Routine troubleshooting,
1218392,@405874 @115858 I have a short battery life on a 5s .. it’s my work phone too 😡,@405873 You're in the right place, we'll do all we can to help. Connect with us in DM to get started: https://t.co/GDrqU22YpT,device_hardware,0.741,AUTO-HANDLE,device_hardware,AUTO-HANDLE,Routine troubleshooting,
2697213,@AppleSupport About half an hour ago,@757899 Go ahead and restart your iPhone and see if the progress updates. Which iPhone and iOS version are you using? You can check the version in Settings &gt, General &gt, About &gt, Version.,app_service,app_service,AUTO-HANDLE,Routine troubleshooting,
2321193,@AppleSupport Beautiful. Thank you.,@347023 It's our pleasure. You're most welcome.,app_service,0.876,AUTO-HANDLE,Routine troubleshooting with sufficient evidence,app_service,AUTO-HANDLE,Routine troubleshooting,
2126054,@AppleSupport My I️ :(,@626091 Here’s what you can do to work around the issue until it’s fixed in a future software update: https://t.co/xXaXeeSRt9,app_service,0.936,AUTO-HANDLE,Routine troubleshooting with sufficient evidence,app_service,AUTO-HANDLE,Routine troubleshooting,
25270,my phone died and the little connect charger sign came up and when i got it turned back on it said my battery was half full that’s so cute @115858,@121464 We'd be happy to look into why your iPhone turned off and showed that symbol when it still had battery. Which iPhone and iOS version are you using? You can go to Settings &gt, General &gt, About &gt, Version to find the version.,device_hardware,billing_subscription,ESCALATE,Billing or account issue requires human review,
549572,Don’t do the iPhone software update it will mess up &amp, your phone/iPad will become unusable #appleproblems @AppleSupport,"@247964 If you're talking about update 11.1.2, that's been out for a few weeks now. The iOS 11.2 update was just released a few hours ago. Make sure to back up and update with these steps: https://t.co/osZOKKTalm If you're still having issues, let us know so we can help!",ios_update,0.707,AUTO-HANDLE,ios_update,AUTO-HANDLE,Routine troubleshooting,
1583841,@115858 EXAMPLE #1,"@487417 Let's help out. For a breakdown of what to do in this scenario, check out: https://t.co/xU1AGHStV6",other,0.923,AUTO-HANDLE,Routine troubleshooting with sufficient evidence,other,AUTO-HANDLE,Routine troubleshooting,
2378137,@AppleSupport @115858 Where can we go to provide bugs that we have found on iOS 11?,@404422 We would be glad to help you. What issues are you experiencing? Let us know in DM. https://t.co/GDrqU22YpT,ios_update,0.754,AUTO-HANDLE,Routine troubleshooting with sufficient evidence,ios_update,AUTO-HANDLE,Routine troubleshooting,
807886,"@115858 @AppleSupport ios 11 has taken out my battery in 6s, 7 % battery nd it gets switch off, network issues also, plz help just fedup",@312512 Which version of iOS 11 are you using? Check Settings &gt, General &gt, About and let us know in DM. https://t.co/GDrqU22YpT,ios_update,0.536,connectivity,AUTO-HANDLE,Routine troubleshooting,
2419500,@AppleSupport **recieveing not reviewing. Typo.,@695090 Thanks for keeping us updated. What is the exact version number of iOS 11 you're currently using? https://t.co/ZTw54HL4Rm,app_service,0.657,AUTO-HANDLE,Routine troubleshooting with sufficient evidence,app_service,AUTO-HANDLE,Routine troubleshooting,
1683401,Hey @AppleSupport could you plus send another bug fix update? My phone has been glitching ever since I️ updated last week,@511675 Here’s what you can do to work around the issue until it’s fixed in a future software update: https://t.co/xXaXeeSRt9,ios_update,0.92,AUTO-HANDLE,Routine troubleshooting with sufficient evidence,ios_update,AUTO-HANDLE,Routine troubleshooting,
1707624,Well 11.1 has not solved the rapid battery drain #ios111 @115858 @AppleSupport,@517476 We want to help. Reach out to us in DM and let us know which iPhone you have. https://t.co/GDrqU22YpT,device_hardware,0.437,ESCALATE,Low intent confidence,ios_update,AUTO-HANDLE,Routine troubleshooting,
750031,"iOS 11 turned my 6s into a buggy 6. 

you’re moving backward @115858 and everyone is noticing",@299283 Let's take a closer look into this together. Reach out to us in a DM to get started. https://t.co/GDrqU22YpT,ios_update,0.756,AUTO-HANDLE,Routine troubleshooting with sufficient evidence,ios_update,AUTO-HANDLE,Routine troubleshooting,
1905739,@applesupport still can't get my 7 to use my ringtones...,@567878 We're here to help out. Did you recently get a new iPhone 7 or change devices?,app_service,0.602,AUTO-HANDLE,Routine troubleshooting with sufficient evidence,app_service,AUTO-HANDLE,Routine troubleshooting,
40485,@AppleSupport is de update 4.2 niet voor de Apple watch 1?,@124879 We offer support via Twitter in English. Contact us for help in your preferred language here: https://t.co/IBIY3vMgPj,ios_update,0.548,ESCALATE,Low intent confidence,ios_update,AUTO-HANDLE,Routine troubleshooting,
1999582,@AppleSupport i lost my AirPods is there a replacement program? I only had them for 11 days,"@591234 If you lost or misplaced your Airpods, first try these steps: https://t.co/paZWCA5O9U. DM us any additional questions: https://t.co/GDrqU22YpT",app_service,0.463,ESCALATE,Low intent confidence,app_service,AUTO-HANDLE,Routine troubleshooting,
364079,"Is s possible to  Uninstall IOS 11 from I Pad, it drainss the battery way too quickly @AppleSupport ?",@202286 That's not what we like to hear. We want to help you. Shoot us a DM and let's get started. https://t.co/GDrqU22YpT,ios_update,0.594,ESCALATE,Low intent confidence,ios_update,AUTO-HANDLE,Routine troubleshooting,
1120545,"@AppleSupport IOS 11 Not for my phone, I want to return to IOS 10","@334031 We'd like to help you with your iPhone. Send us a DM and tell us what's happening, and which iPhone you have, to begin. https://t.co/GDrqU22YpT",ios_update,0.966,AUTO-HANDLE,Routine troubleshooting with sufficient evidence,ios_update,AUTO-HANDLE,Routine troubleshooting,
2346110,"@AppleSupport guys, I bought Taylor Swift new album, but it disappeared on my library 😰 https://t.co/cSfErS9OyY","@364280 Hey, we'll help you so that you can enjoy the album that you've purchased. Can you go to the iTunes Store App &gt; More &gt; Purchased &gt; Music &gt; Not on this iPhone, and let us know if you see it there?",app_service,0.553,ESCALATE,Low intent confidence,app_service,AUTO-HANDLE,Routine troubleshooting,
1016750,@158636 @116333 Mine keeps dropping the WiFi signal ever since the update 😡😡,"@362685 We'd like to look into that. If you're willing, DM us specifics and we'll begin. https://t.co/GDrqU22YpT",connectivity,0.821,AUTO-HANDLE,Routine troubleshooting with sufficient evidence,connectivity,AUTO-HANDLE,Routine troubleshooting,
2975679,@AppleSupport I’ve done all the basic troubles the phone is new. Like 2-3 weeks old,"@247001 We understand. Please send us a DM letting us know if this happens with one particular contact, or all contacts, and we'll continue working with you to resolve this. https://t.co/GDrqU22YpT",app_service,0.47,ESCALATE,Low intent confidence,app_service,AUTO-HANDLE,Routine troubleshooting,
1963383,Anyone else having trouble with the Apple Server? I just keep getting error messages. @AppleSupport,@354318 We'd like to help! Where are you getting an error about Apple Servers? What does it say exactly?,app_service,0.622,AUTO-HANDLE,Routine troubleshooting with sufficient evidence,app_service,AUTO-HANDLE,Routine troubleshooting,
2807596,@AppleSupport can someone tell me why my iPhone 8 keeps autocorrecting “it” to “It” - IT IS DRIVING ME INSANE!!! And I️  what is this about?,@783012 We want to help! DM us and let us know more about the issues you are having. We can look more into this issue from there. https://t.co/GDrqU2kzhr,app_service,0.537,ESCALATE,Low intent confidence,app_service,AUTO-HANDLE,Routine troubleshooting,
1772832,"@AppleSupport Whatever the latest is when update runs. 11.??? Ok, checked and there is a 11.1 update waiting. Maybe that was addressed. Will download and see.",@532825 That's a great idea. Keep us updated.,ios_update,0.87,AUTO-HANDLE,Routine troubleshooting with sufficient evidence,ios_update,AUTO-HANDLE,Routine troubleshooting,
1683404,"Hey @AppleSupport @115858, when are you going to fix the I️ glitch? I️ can’t handle this for much longer",@511676 Here’s what you can do to work around the issue until it’s fixed in a future software update: https://t.co/xXaXeeSRt9,device_performance,0.594,ESCALATE,Low intent confidence,device_performance,AUTO-HANDLE,Routine troubleshooting,
1393410,Anyone having issues with Apple Music today? It won't update any of my playlists. @AppleSupport,@444064 We definitely want you to enjoy your playlists! Are you talking about the playlists you create or the Apple curated playlists?,app_service,0.39,ESCALATE,Low intent confidence,ios_update,AUTO-HANDLE,Routine troubleshooting,
2709969,"@AppleSupport iOS 11.2 on iPhone X. It was doing this on my iPhone 7, and with 11.1. But now it seems to be failing every single time instead of just randomly.","@760959 Thanks for reaching out to us for support.That is certainly not the experience that we wanted you to have with your watch, and we are going to do everything we can to help you. When you have a free moment, please check out this link for support: https://t.co/0pM9QoGYX9",ios_update,0.641,AUTO-HANDLE,Routine troubleshooting with sufficient evidence,ios_update,AUTO-HANDLE,Routine troubleshooting,
2410182,"@AppleSupport All up to date, assume everything is ok on my end and take it from there like I said this issue is on the support forum going back 10 years ITS A BUG IN THE PROGRAM",@692963 Thanks for verifying. We've also received your DM message and have responded there.,app_service,0.381,ESCALATE,Low intent confidence,app_service,AUTO-HANDLE,Routine troubleshooting,
2134882,I️ this is getting annoying!!! @115858 when are you guys gonna fix this??? #annoyedaf #iphone #apple #wtf #bruh #wednesdaythoughts,@628092 Here’s what you can do to work around the issue until it’s fixed in a future software update: https://t.co/xXaXeeSRt9,other,0.646,AUTO-HANDLE,Routine troubleshooting with sufficient evidence,app_service,AUTO-HANDLE,Routine troubleshooting,
1267736,@AppleSupport iPhone 6S iOS 11.0.2,@416832 Thank you. We’re investigating and will update our System Status page as more info becomes available: https://t.co/Fcu0biZf0L,ios_update,0.981,AUTO-HANDLE,Routine troubleshooting with sufficient evidence,ios_update,AUTO-HANDLE,Routine troubleshooting,
2298956,@AppleSupport this is my iPhone 6 after the update. It's been like this for more than 20 min. Any suggestion? https://t.co/YZEVzdSAyL,"@667310 We're here for you. Send us a DM, and we'll take a closer look at your iPhone together. https://t.co/GDrqU22YpT",ios_update,0.684,AUTO-HANDLE,Routine troubleshooting with sufficient evidence,ios_update,AUTO-HANDLE,Routine troubleshooting,
119495,@AppleSupport My iPhone 6s control center has started to look like this https://t.co/npPW9e76k9,@142511 We'd like to help. What version of iOS are you running on this iPhone? Have you restarted the device recently?,app_service,0.523,ESCALATE,Low intent confidence,app_service,AUTO-HANDLE,Routine troubleshooting,
2520716,@115858 I updated my phone and can’t make calls,"@717977 That is certainly not the experience that we wanted you to have with your device, and we are going to do everything we can to help you. When you have a free moment, please DM us so that we can look into this together. https://t.co/GDrqU22YpT",ios_update,0.858,AUTO-HANDLE,Routine troubleshooting with sufficient evidence,ios_update,AUTO-HANDLE,Routine troubleshooting,
1795222,This thing is the bane of my life. @115858 when will you make things that don't break after a couple of months? This is the second one starts to pause and skip songs. 🙄 https://t.co/eJDJuuI7fo,@307350 Let's get this resolved. Have you tried it with any other headphones? Reply in DM and we'll get it resolved. https://t.co/GDrqU22YpT,other,0.502,ESCALATE,Low intent confidence,other,AUTO-HANDLE,Routine troubleshooting,
2591359,@115858 @AppleSupport La dernière mise à jour fait planter mon Iphone 6. Des fois il redémarre même tout seul !! Faites quelque chose ! 😡,@733930 We offer support via Twitter in English. Contact us for help in your preferred language here: https://t.co/IBIY3vMgPj,app_service,0.454,ESCALATE,Low intent confidence,app_service,AUTO-HANDLE,Routine troubleshooting,
1802441,@115858 I can't charge my phone with charger falling out every time I slightly bump it.,@541596 We'd love to help. Your iPhone may need to be inspected in person. DM us which country you're in and we'll get started. https://t.co/GDrqU22YpT,device_hardware,0.524,ESCALATE,Low intent confidence,billing_subscription,ESCALATE,Billing or account issue requires human review,
2429192,None of my photos will load so I can see them and I also cannot send them. I don’t expect to pay £500+ for a iPhone for my photos not to load! I have done all updates that Apple have released and I also have plenty of storage on my phone. What’s going on @115858 @AppleSupport,"@697411 We'll get you pointed in the right direction. For help with Photos on your iPhone, connect with an Advisor who specializes in Photos here: https://t.co/IBIY3vMgPj You can connect with them by selecting Apps &amp; Software &gt; iOS Apps &gt; Photos for iOS.",ios_update,0.27,ESCALATE,Low intent confidence,ios_update,AUTO-HANDLE,Routine troubleshooting,
2015217,"So @115858 , you thinks cool to charge over 1000 for a phone but just leave this here for us all to deal with?  Cause thats what I’m gonna do https://t.co/4XhUzdrERp","@595903 Thanks for reaching out. We have a workaround for this here: https://t.co/xXaXeeSRt9 

DM us if you still need help. https://t.co/GDrqU22YpT",billing_subscription,0.802,ESCALATE,Billing or subscription issue requires human review,billing_subscription,ESCALATE,Billing or account issue requires human review,
1582111,If @115858 doesn’t fix these damn question marks!!!!! It’s beyond annoying.,@486993 We’d love to help you with that. Let's work through the steps suggested in this article: https://t.co/xU1AGHStV6,other,0.758,AUTO-HANDLE,Routine troubleshooting with sufficient evidence,other,AUTO-HANDLE,Routine troubleshooting,
148263,"@AppleSupport updated to the latest iOS, now my Bluetooth is always on, I have to manually turn it off, it’s annoying! How do I change it","@149734 In iOS 11 and later, when you toggle the Wi-Fi or Bluetooth buttons in Control Center, your device will immediately disconnect from Wi-Fi and Bluetooth accessories. Both Wi-Fi and Bluetooth will continue to be available. Learn more here: https://t.co/G7BHuQnDS6",ios_update,0.684,AUTO-HANDLE,Routine troubleshooting with sufficient evidence,connectivity,AUTO-HANDLE,Routine troubleshooting,
829137,Hey @115858. Can you help? Just got my iPhone X and this is the 2nd time this has happened! What is this weird box?? https://t.co/xqozSV6WT4,@317442 We can work together on this. Does this happen after using a particular app or receiving a message/alert?,other,0.442,ESCALATE,Low intent confidence,app_service,AUTO-HANDLE,Routine troubleshooting,
2652466,"@AppleSupport @115858 I am complaining about this product. many people are facing problem with this product. Case No. 100353043052 
https://t.co/W9dM6CN8Pa",@149717 We'd like to look into this with you. Could you please send us a DM so we can gather some information and take a look? https://t.co/GDrqU22YpT,app_service,0.473,ESCALATE,Low intent confidence,app_service,AUTO-HANDLE,Routine troubleshooting,
2288480,Ohhh fuck no my phone is starting to do that  “I️” shit!!! This is unacceptable @115858,@664865 Let us help. Please tell us which version of iOS you have installed on your device in a DM. https://t.co/GDrqU22YpT,other,0.647,AUTO-HANDLE,Routine troubleshooting with sufficient evidence,other,AUTO-HANDLE,Routine troubleshooting,
1456488,"@AppleSupport Nope.. All contacts, I have 7+, iOS 11.1.",@458049 Are there any steps you've tried so far? Do you have a recent backup?,ios_update,0.831,AUTO-HANDLE,Routine troubleshooting with sufficient evidence,ios_update,AUTO-HANDLE,Routine troubleshooting,
1764449,@AppleSupport That query is sorted. But have found I have a problem sending mail from my iPhone 7 since upgrading to 11.1  will this be sorted soon? I use it a lot..,@530777 We can look into the Mail app with you more. Send us a DM with more details on what is happening when you try to send a message. https://t.co/GDrqU22YpT,app_service,0.346,ESCALATE,Low intent confidence,app_service,AUTO-HANDLE,Routine troubleshooting,
1760178,AYO @AppleSupport WHY WONT IT LET ME UPDATE TO 11.1,@529773 We want to help. How are you attempting to update your iOS? Are you using iTunes or updating directly from your device?,ios_update,0.773,AUTO-HANDLE,Routine troubleshooting with sufficient evidence,ios_update,AUTO-HANDLE,Routine troubleshooting,
2023920,.@115858 Maps at its finest. Telling me to keep left from the right lane before a left turn #NotDangerous #AppleMapsFail https://t.co/MXWu834zYT,"@598565 Hi there, we'd like to look into this for you. DM us more information about where this occurred and we'll go from there. https://t.co/GDrqU22YpT",other,0.298,ESCALATE,Low intent confidence,app_service,AUTO-HANDLE,Routine troubleshooting,
291413,"@185384 Yip my 6s has turn to a big crock of shite, battery doesn't last 1 day and turns itself off at 17% @AppleSupport need to get this sorted out","@608259 If your battery life is shorter than expected, we'd like you to DM us to troubleshoot the possibilities and identify the cause. https://t.co/GDrqU22YpT",device_hardware,0.634,AUTO-HANDLE,Routine troubleshooting with sufficient evidence,device_hardware,AUTO-HANDLE,Routine troubleshooting,
2978641,How long does the upgrade take ? Been around 2 hours... @AppleSupport @115858 this is while upgrading to Sierra https://t.co/gnDnzJHnUl,@821491 We'd be happy to help get your Mac updated. The time an update takes to install will vary depending on a variety of factors. Can you DM us if you have a Time Machine backup? We want to be sure your data is secure before advising on next steps: https://t.co/GDrqU22YpT,ios_update,0.355,ESCALATE,Low intent confidence,ios_update,AUTO-HANDLE,Routine troubleshooting,
1674100,@AppleSupport why does my phone do this when the letter after “H” in the alphabet do this? Help! The picture provides the example. https://t.co/QNXoVQGaDj,@509386 Here’s what you can do to work around the issue until it’s fixed in a future software update: https://t.co/xXaXeeSRt9,app_service,0.489,ESCALATE,Low intent confidence,app_service,AUTO-HANDLE,Routine troubleshooting,
2772659,Facing problems to play videos in gallery on ios 11.2 version updated days ago.  @115858 @AppleSupport https://t.co/Q7r51uEDT4,"@237472 We'd like to help get your videos working again to enjoy them. Which app is this happening within and which model do you have?

Also, did you mean you have iOS 11.1.2 (official) installed, or iOS 11.2 (beta)?",ios_update,0.874,AUTO-HANDLE,Routine troubleshooting with sufficient evidence,ios_update,AUTO-HANDLE,Routine troubleshooting,
2013410,@AppleSupport fix this shit I️,@595352 Thanks for reaching out. We have a workaround for this here: https://t.co/xXaXeeSRt9 DM us if you still need help. https://t.co/GDrqU22YpT,app_service,0.776,AUTO-HANDLE,Routine troubleshooting with sufficient evidence,app_service,AUTO-HANDLE,Routine troubleshooting,
927627,@AppleSupport my music 🎧 apps freezes on my 🏃 away from my iPhone 📱 on the latest OS on Apple watch ⌚️ series 2,"@340090 We'd like to look into this with you so you can enjoy your run and music. If the iPhone is nearby, does it work without issue?",device_performance,0.619,AUTO-HANDLE,Routine troubleshooting with sufficient evidence,device_performance,AUTO-HANDLE,Routine troubleshooting,
2050793,Hey @115858 fix your software I have to restart my phone 50x a day cause it’s constantly freezing. Wtf!?,@488649 Restarting is not what you expect to do frequently. Send us a DM telling us the iPhone you have and the iOS version number. https://t.co/GDrqU22YpT,device_performance,0.79,AUTO-HANDLE,Routine troubleshooting with sufficient evidence,device_performance,AUTO-HANDLE,Routine troubleshooting,
1082431,@AppleSupport could you point out which phone number specifically?,@375327 Our direct number varies by region. DM us your current country of residence and we'd be happy to share the number with you. https://t.co/GDrqU2kzhr,app_service,0.589,ESCALATE,Low intent confidence,app_service,AUTO-HANDLE,Routine troubleshooting,
402623,Un aplauso para @115858 y @AppleSupport por ios11. No llegan las notificaciones de WhatsApp hasta que no entras en la app,@211249 We offer support via Twitter in English. Get help in Spanish here: https://t.co/IBIY3vMgPj or join https://t.co/OczyRx7IOs,ios_update,0.404,ESCALATE,Low intent confidence,ios_update,AUTO-HANDLE,Routine troubleshooting,
2675738,@AppleSupport have you stopped giving three months of Apple Music subscription with new beats x or it is just not available in India.,"@357036 We're happy to help with this. Send us a DM, and we'll continue from there. https://t.co/GDrqU22YpT",app_service,0.449,ESCALATE,Low intent confidence,billing_subscription,ESCALATE,Billing or account issue requires human review,
2480643,@115858 you phone is now the WORST. FOR typing and texting. Siri is s terrible day,@708824 We'd like to help you out with your iPhone. Which version of iOS are you using? Are you having trouble with the keyboard?,other,0.403,ESCALATE,Low intent confidence,other,AUTO-HANDLE,Routine troubleshooting,
1217593,@AppleSupport iPhone 6s and iOS update was 11.0.3,@405711 You mentioned issues with battery life. About how long is the battery lasting on a full charge?,ios_update,0.99,AUTO-HANDLE,Routine troubleshooting with sufficient evidence,ios_update,AUTO-HANDLE,Routine troubleshooting,
755774,@AppleSupport That seems to have solved the problem. Thank you!,@300644 Absolutely. We're happy to have helped!,app_service,0.676,AUTO-HANDLE,Routine troubleshooting with sufficient evidence,app_service,AUTO-HANDLE,Routine troubleshooting,
569292,"Friends in Australia, and @AppleSupport any idea where I can buy a few of these (just the country specific adapter for a Macbook Air charger) https://t.co/Xe7g5JC6Yo","@10766 Reach out to our Apple Online Store team via the following link, and they can advise you on available options from there: https://t.co/8yjRd1Xo0i",device_hardware,0.649,AUTO-HANDLE,Routine troubleshooting with sufficient evidence,billing_subscription,ESCALATE,Billing or account issue requires human review,
1331993,@115858 navigation prompts are pausing my music how do I fix that,@430744 We're here to help. Send us a DM and tell us which device this is happening on. Do you use Bluetooth devices during this time?,other,0.587,ESCALATE,Low intent confidence,other,AUTO-HANDLE,Routine troubleshooting,
2280341,@AppleSupport @AppleSupport in the control centre too! https://t.co/5uLu2PnZC7,@662905 We want to make sure things are working smoothly for you. Send us a DM and let us know what version of iOS you are running and we'll go from there. https://t.co/GDrqU22YpT,app_service,0.74,AUTO-HANDLE,Routine troubleshooting with sufficient evidence,app_service,AUTO-HANDLE,Routine troubleshooting,
1659118,Can @115858 plz fix I️,@506192 Here’s what you can do to work around the issue until it’s fixed in a future software update: https://t.co/xXaXefaskH,other,0.844,AUTO-HANDLE,Routine troubleshooting with sufficient evidence,other,AUTO-HANDLE,Routine troubleshooting,
687918,"@AppleSupport I ordered OSX Lion on the 21th, when will I get the Emails that'll allow me to download it? Or am I getting it on DVD?",@284303 We'd recommend reaching out to our experts here: https://t.co/8yjRd1Xo0i for further assistance with your order.,app_service,0.446,ESCALATE,Low intent confidence,app_service,AUTO-HANDLE,Routine troubleshooting,
775437,@115858 if I don’t have my Apple TV remote how am I suppose to put the access code from my phone onto the Apple TV 🤦🏼‍♀️,"@305277 We can help. For assistance with your Apple TV, reach out to our support team here: https://t.co/IBIY3vMgPj https://t.co/GDrqU22YpT",app_service,0.294,ESCALATE,Low intent confidence,app_service,AUTO-HANDLE,Routine troubleshooting,
1924630,@AppleSupport is Siri is alive ?? I don’t think so coz she’s not at all working.... please fix it.,@572878 Let us know exactly what's going in with Siri. Send us a DM and include the country you're in. https://t.co/GDrqU22YpT,app_service,0.543,ESCALATE,Low intent confidence,app_service,AUTO-HANDLE,Routine troubleshooting,
265024,ios11 is trash @115858 thank u for making my phone so glitchy that half of the functions don't work 😩👌🏻,@179135 We’d like to help with this. Can you start by letting us know what is going on via DM? https://t.co/GDrqU22YpT,ios_update,0.57,ESCALATE,Low intent confidence,ios_update,AUTO-HANDLE,Routine troubleshooting,
1592388,"Hey @115858, what’s this? @AppleSupport https://t.co/l2XsMKMTHJ",@489466 We’d love to help. Check out this article which goes into more detail about what you're seeing: https://t.co/sDSg93LaFu,other,0.421,ESCALATE,Low intent confidence,app_service,AUTO-HANDLE,Routine troubleshooting,
2111404,Thanks @115858 @AppleSupport my $1200 toy can’t even type the letter “I️” anymore... #iPhoneX #iphonexfail https://t.co/3zwul1fpOJ,@592406 Here’s what you can do to work around the issue until it’s fixed in a future software update: https://t.co/xXaXeeSRt9,app_service,0.631,AUTO-HANDLE,Routine troubleshooting with sufficient evidence,app_service,AUTO-HANDLE,Routine troubleshooting,
764887,@AppleSupport Multiple apps such as streaming apps and assorted other apps cause my devices to freeze,@302813 Which version of iOS 11 are you running? You can check from Settings &gt, General &gt, About.,app_service,0.476,device_performance,AUTO-HANDLE,Routine troubleshooting,
1492788,@AppleSupport And yes 11.0.3 is installed unfortunately,@466657 What device is 11.0.3 installed on and where are you located? DM us. https://t.co/GDrqU22YpT,app_service,0.597,ESCALATE,Low intent confidence,app_service,AUTO-HANDLE,Routine troubleshooting,
1435807,"I have had the iphone for 3 years and this new update is destroying it. Wtf @115858?? I was thinking to buy the new one,but this is annoying",@453332 You've come to the right place for support with your iPhone. DM us and we'll get started. https://t.co/GDrqU22YpT,ios_update,0.608,AUTO-HANDLE,Routine troubleshooting with sufficient evidence,ios_update,AUTO-HANDLE,Routine troubleshooting,
2615214,"@AppleSupport my phone just dropped 6% battery life in less than 60 seconds. I timed it for shits and gigs. Wtf guys? Since updating, my battery doesn’t last more than an hour and a half of light use",@739241 Hi there. We'd like to help. Please tell us what version of iOS you see under Settings &gt, General &gt, About &gt, Version. We'll start there.,device_hardware,ios_update,AUTO-HANDLE,Routine troubleshooting,
1183762,Almost at the end of my tether with @115858 over ios11 and it’s subsequent updates. My new phone is basically useless,"@398353 We'd like to see how we can help. What are you experiencing with your iPhone? If you prefer, DM us here: https://t.co/GDrqU22YpT",ios_update,0.64,AUTO-HANDLE,Routine troubleshooting with sufficient evidence,ios_update,AUTO-HANDLE,Routine troubleshooting,
330959,What happens to an iPhone battery 😳😳😳😅@AppleSupport #iphone #batteryexplode https://t.co/2MbpAYCjPZ,@194797 We can assist you. Please DM us via the following link and we'll help you further from there. https://t.co/GDrqU22YpT,device_hardware,0.73,AUTO-HANDLE,Routine troubleshooting with sufficient evidence,device_hardware,AUTO-HANDLE,Routine troubleshooting,
649780,@AppleSupport  https://t.co/nRaTCOswMF,"@274459 Thanks so much for reaching out to us today. For this particular issue, we'd like to have you reach out to our support team in the iTunes Store, they'll be able to take a closer look into this for you. You can contact them through this link: https://t.co/SDIe7UiyJN",app_service,0.974,AUTO-HANDLE,Routine troubleshooting with sufficient evidence,app_service,AUTO-HANDLE,Routine troubleshooting,
1346404,"Woke up, took my phone off the charger, opened up a few apps... phones on 86 percent... @115858 must wanna see me soon","@433974 We'd like to look into this. To start, which iPhone are you experiencing this on, and which iOS version is it running?",device_hardware,0.631,AUTO-HANDLE,Routine troubleshooting with sufficient evidence,billing_subscription,ESCALATE,Billing or account issue requires human review,
1074260,@115858 necesito saber cual es el defecto de los 4G porque el mio se me apaga horriblemente,@373463 We offer support via Twitter in English. Get help in Spanish here: https://t.co/IBIY3vMgPj or join https://t.co/OczyRx7IOs,other,0.544,ESCALATE,Low intent confidence,other,AUTO-HANDLE,Routine troubleshooting,
2015753,@115858 needs to fix this dumb ass question mark shit,"@596073 We're here for you. Can you let us know, in DM, where you're noticing these question marks? Specifically, which app(s)? https://t.co/GDrqU22YpT",other,0.848,AUTO-HANDLE,Routine troubleshooting with sufficient evidence,other,AUTO-HANDLE,Routine troubleshooting,
564000,"@AppleSupport I manually manage my music, no sync. I drag and drop to my device and 3 hours later, it's still greyed out. If I 'delete' the greyed out tracks it tells me I am deleting them from my device, even though they never transferred in the first place",@191752 Is both iTunes and your iPhone fully up-to-date? When did you start seeing this happen?,app_service,0.475,ESCALATE,Low intent confidence,app_service,AUTO-HANDLE,Routine troubleshooting,
1202004,@AppleSupport can you use student discount on IPhones?,@402417 Great question. Click here to meet us in DM. We'll take it from there. https://t.co/GDrqU22YpT,app_service,0.625,AUTO-HANDLE,Routine troubleshooting with sufficient evidence,app_service,AUTO-HANDLE,Routine troubleshooting,
2013743,@AppleSupport what’s going on with my I️ phone,"@595448 Thanks for reaching out. We have a workaround for this here: https://t.co/xXaXeeSRt9 

DM us if you still need help. https://t.co/GDrqU22YpT",app_service,0.637,AUTO-HANDLE,Routine troubleshooting with sufficient evidence,app_service,AUTO-HANDLE,Routine troubleshooting,
323814,@AppleSupport hello i have an issue with the news app. I cant open it and i dont see it with my apps and im not able to download it https://t.co/SnQ0j9DDrP,@193127 We'd be happy to look into this with you.  Please reach out to us via DM and we'll get started. https://t.co/GDrqU22YpT,app_service,0.516,ESCALATE,Low intent confidence,app_service,AUTO-HANDLE,Routine troubleshooting,
2023928,"@598569 @115858 My phones been doing the same fucking thing, and it's dying super quick like always 🖕🏽",@598568 your iPhone is important to you, we'll do all we can to help. Let us know in DM if these steps help: https://t.co/H7w57rsYVQ https://t.co/GDrqU22YpT,other,0.586,ESCALATE,other,AUTO-HANDLE,Routine troubleshooting,
1467804,You need to fix this issue with my keyboard NOW @115858,@460698 Let's help take a closer look. Please DM us the device and version of OS that you're using. https://t.co/GDrqU22YpT,device_hardware,0.746,AUTO-HANDLE,Routine troubleshooting with sufficient evidence,device_hardware,AUTO-HANDLE,Routine troubleshooting,
389729,"Dis @AppleSupport, pqoi mon écran verrouillé ressemble à ca ? Et j’ai bien compris que j’avais des message vocaux, tu me le dis 10x/jr ! 😬 https://t.co/rWuJQTIh2Y",@208251 We offer support via Twitter in English. Contact us for help in your preferred language here: https://t.co/IBIY3vMgPj,app_service,0.623,AUTO-HANDLE,Routine troubleshooting with sufficient evidence,app_service,AUTO-HANDLE,Routine troubleshooting,
2014921,I guess @115858 is just gonna keep axing like this I️ situation isn’t going on? #Update,@595810 We're here to address your concerns. We have a workaround for this here: https://t.co/xXaXeeSRt9 DM us if you still need help. https://t.co/GDrqU22YpT,ios_update,0.444,ESCALATE,Low intent confidence,ios_update,AUTO-HANDLE,Routine troubleshooting,
2774408,@AppleSupport Hiya! My keyboard is wireless and I can't launch the recovery assistant when restarting my Mac Mini. Is there any way I can do it without pressing command+R on the loading screen?,"@775367 That's a great question, to boot your Mac Mini in to recovery mode you'll need a wired keyboard. For information on startup key combinations, check this out: https://t.co/hYCrHTAsTM",device_hardware,0.877,AUTO-HANDLE,Routine troubleshooting with sufficient evidence,device_hardware,AUTO-HANDLE,Routine troubleshooting,
2571999,S/O @115858 for fixing all the issues in the new update - loving the new notification view https://t.co/irvmnw3cVn,@729335 That’s unexpected. Let’s see what we can find out. Which version of iOS are you running exactly? Does the issue persist after a restart?,ios_update,0.791,AUTO-HANDLE,Routine troubleshooting with sufficient evidence,ios_update,AUTO-HANDLE,Routine troubleshooting,
1234314,@AppleSupport A recent Bootcamp update removed the Wireless adapter. It's nowhere to be found! Is this a known issue?,@409511 Let's look into this for you. Send us a DM and we can go over some options. https://t.co/GDrqU22YpT,ios_update,0.448,ESCALATE,Low intent confidence,ios_update,AUTO-HANDLE,Routine troubleshooting,
1508699,Hey @115858 - figure this out! Everyone is having problems with the “I️” on their iPhone. It’s a MAJOR issue. Thought upgrade might handle.NO,@470179 Glad you reached out. Please DM us and we can chat. https://t.co/GDrqU22YpT,ios_update,0.349,ESCALATE,Low intent confidence,ios_update,AUTO-HANDLE,Routine troubleshooting,
875113,@AppleSupport Thanks for the link but what happened to “Play in sequential order” do I have to pick each ep one at a time now?,"@327768 Check out the instructions on that article under ""Listen Continuously with Up Next"" for more info.",app_service,0.539,ESCALATE,Low intent confidence,app_service,AUTO-HANDLE,Routine troubleshooting,
1780304,This @115858 iOS update is awful🙄slows down everything!,@534871 Thanks for reaching out. We want you to be happy with iOS 11. Let us know in DM what the exact update version you have is. https://t.co/GDrqU22YpT,ios_update,0.971,AUTO-HANDLE,Routine troubleshooting with sufficient evidence,ios_update,AUTO-HANDLE,Routine troubleshooting,
637407,@AppleSupport Can you do it with the 3rd generation Apple TV? Thanks,"@203849 At this time the Apple TV Remote app is only available on the Apple TV 4K or Apple TV (4th generation). This is detailed in the article we provided.
Let us know if you have any other questions.",app_service,0.717,AUTO-HANDLE,Routine troubleshooting with sufficient evidence,app_service,AUTO-HANDLE,Routine troubleshooting,
250079,@AppleSupport Yes,@175419 Have you restarted since this began? Let us know in DM and we'll dig deeper into what's going on. https://t.co/GDrqU22YpT,app_service,0.959,AUTO-HANDLE,Routine troubleshooting with sufficient evidence,app_service,AUTO-HANDLE,Routine troubleshooting,
1300684,"@423989 @115858 I swear, I lost my 55GB data, it totally sucks",@423988 Thanks for reaching out. We're here to help. DM us so we can look into this further with you. https://t.co/GDrqU2kzhr,other,0.539,ESCALATE,Low intent confidence,other,AUTO-HANDLE,Routine troubleshooting,
982097,"@AppleSupport We do use RESTRICTIONS and BLOCKED apps.
The problem is she can access these things through allowed apps.
Your restrictions don’t work. 🙁",@352856 Let's continue in DM.  Which country are you located in? https://t.co/GDrqU22YpT,app_service,0.556,ESCALATE,Low intent confidence,app_service,AUTO-HANDLE,Routine troubleshooting,
92625,my battery life when i first got my 7+ lasted two days without charging it. now this shit barely makes it past 3pm. @AppleSupport this is not okay!!!,@136048 We're happy to assist. Which iOS version are you currently running? Go to Settings &gt, General &gt, About for the version.,device_hardware,0.83,device_hardware,AUTO-HANDLE,Routine troubleshooting,
1445547,I updated my phone and still seeing question mark boxes wtf @115858,@455439 We're here for you. DM us using the link below and we'll go from there. https://t.co/GDrqU22YpT,ios_update,0.591,ESCALATE,Low intent confidence,ios_update,AUTO-HANDLE,Routine troubleshooting,
1157358,@AppleSupport My phone now freezes when I have 1 app opened and trying to text.. or literally when trying to unlock. I am so upset right now,@333299 We'd be happy to take a look. Are there any apps in particular that freeze up? Let us know via DM. https://t.co/GDrqU22YpT,device_performance,0.748,AUTO-HANDLE,Routine troubleshooting with sufficient evidence,device_performance,AUTO-HANDLE,Routine troubleshooting,
8299,@AppleSupport DL the latest iOS today. Very laggy 6s. Phone is running like hammered dog shit since the DL.,@117455 Are you seeing issues across all apps or are you noticing lag when performing specific tasks? Let us know in DM. https://t.co/GDrqU22YpT,ios_update,0.657,AUTO-HANDLE,Routine troubleshooting with sufficient evidence,ios_update,AUTO-HANDLE,Routine troubleshooting,
512530,"Hey @115858..the new iPhone os sucks! I guess the joke’s on me cuz I’m NOT ponying up for the new phone. Maybe when I do need the upgrade, it’ll be android!",@237875 We’re here to help you with any issues you may be experiencing with your iPhone. Click the DM link and let us know what’s happening and we’ll get started there. https://t.co/GDrqU22YpT,ios_update,0.41,ESCALATE,Low intent confidence,ios_update,AUTO-HANDLE,Routine troubleshooting,
2697294,"Dear @115858 @AppleSupport, I've lost most of my notes on the Preview App on my pdfs by updating to MacOS High Sierra. Way to go before exams.","@757915 We're here for you. To make sure we're on the same page, you've edited PDF documents in Preview and after updating, those edits are now gone? 

Let us know in DM. https://t.co/GDrqU22YpT",app_service,0.374,ESCALATE,Low intent confidence,ios_update,AUTO-HANDLE,Routine troubleshooting,
484607,@AppleSupport Nope. https://t.co/S9StS96E3U,@230324 Thank you for that information.  Let's see if they load correctly in safe mode.  This is how boot into safe mode: https://t.co/PQ4LSYhUTY,app_service,0.876,AUTO-HANDLE,Routine troubleshooting with sufficient evidence,app_service,AUTO-HANDLE,Routine troubleshooting,
1458740,"@AppleSupport hi, what can i do? Everything is true ! https://t.co/jTFxyqRfrW",@458589 We'd be happy to help. Check out these steps to see if it resolves the issue: https://t.co/U96y4MTG7k,app_service,0.639,AUTO-HANDLE,Routine troubleshooting with sufficient evidence,app_service,AUTO-HANDLE,Routine troubleshooting,
2308422,@AppleSupport My iPhone 6S was turned off and now I cannot enter my passcode! I am unable to use the phone!!,@669591 We want to ensure you can access your phone! Was the screen not responding when you're on the lock screen?,app_service,0.245,ESCALATE,Low intent confidence,app_service,AUTO-HANDLE,Routine troubleshooting,
1800916,@AppleSupport Since the upgrade(s) of iOS 11 ☹️,@541124 What version of iOS 11 you are currently running? You can find this information by going to Settings &gt, General &gt, About.,ios_update,0.999,ios_update,AUTO-HANDLE,Routine troubleshooting,
503629,@AppleSupport Do not need this shit right now!,@235361 We've got your back. Do you see the hard drive in Disk Utility while in recovery mode?,app_service,0.577,ESCALATE,Low intent confidence,app_service,AUTO-HANDLE,Routine troubleshooting,
2025449,@115858 I need a fix ASAP for this I problem.,@598978 Here’s what you can do to work around the issue until it’s fixed in a future software update: https://t.co/xXaXeeSRt9 https://t.co/GDrqU22YpT,other,0.8,AUTO-HANDLE,Routine troubleshooting with sufficient evidence,other,AUTO-HANDLE,Routine troubleshooting,
938113,"@AppleSupport iPad orientation does not move when the iPad does any longer,  charge don’t last, podcast update is horrible",@342368 Got it. Let us know in DM if a restart helps with the orientation: https://t.co/GDrqU22YpT,ios_update,0.533,ESCALATE,Low intent confidence,billing_subscription,ESCALATE,Billing or account issue requires human review,
